Designator,Mid X,Mid Y,Layer,Rotation
U1,60.7mm,-18.0mm,top,0.0
R1,56.9mm,-13.6mm,top,90.0
L1,63.9mm,-13.6mm,top,0.0
D1,63.3mm,-22.2mm,top,180.0
C1,56.7mm,-22.2mm,top,90.0
R101,60.65mm,-13.55mm,top,90.0
U2,72.7mm,-18.0mm,top,0.0
R2,68.9mm,-13.6mm,top,90.0
L2,75.9mm,-13.6mm,top,0.0
D2,75.3mm,-22.2mm,top,180.0
C2,68.7mm,-22.2mm,top,90.0
R102,72.65mm,-13.55mm,top,90.0
U3,84.7mm,-18.0mm,top,0.0
R3,80.9mm,-13.6mm,top,90.0
L3,87.9mm,-13.6mm,top,0.0
D3,87.3mm,-22.2mm,top,180.0
C3,80.7mm,-22.2mm,top,90.0
R103,84.65mm,-13.55mm,top,90.0
U4,96.7mm,-18.0mm,top,0.0
R4,92.9mm,-13.6mm,top,90.0
L4,99.9mm,-13.6mm,top,0.0
D4,99.3mm,-22.2mm,top,180.0
C4,92.7mm,-22.2mm,top,90.0
R104,96.65mm,-13.55mm,top,90.0
U5,108.7mm,-18.0mm,top,0.0
R5,104.9mm,-13.6mm,top,90.0
L5,111.9mm,-13.6mm,top,0.0
D5,111.3mm,-22.2mm,top,180.0
C5,104.7mm,-22.2mm,top,90.0
R105,108.65mm,-13.55mm,top,90.0
U6,120.7mm,-18.0mm,top,0.0
R6,116.9mm,-13.6mm,top,90.0
L6,123.9mm,-13.6mm,top,0.0
D6,123.3mm,-22.2mm,top,180.0
C6,116.7mm,-22.2mm,top,90.0
R106,120.65mm,-13.55mm,top,90.0
U7,132.7mm,-18.0mm,top,0.0
R7,128.9mm,-13.6mm,top,90.0
L7,135.9mm,-13.6mm,top,0.0
D7,135.3mm,-22.2mm,top,180.0
C7,128.7mm,-22.2mm,top,90.0
R107,132.65mm,-13.55mm,top,90.0
U8,144.7mm,-18.0mm,top,0.0
R8,140.9mm,-13.6mm,top,90.0
L8,147.9mm,-13.6mm,top,0.0
D8,147.3mm,-22.2mm,top,180.0
C8,140.7mm,-22.2mm,top,90.0
R108,144.65mm,-13.55mm,top,90.0
U9,156.7mm,-18.0mm,top,0.0
R9,152.9mm,-13.6mm,top,90.0
L9,159.9mm,-13.6mm,top,0.0
D9,159.3mm,-22.2mm,top,180.0
C9,152.7mm,-22.2mm,top,90.0
R109,156.65mm,-13.55mm,top,90.0
U10,168.7mm,-18.0mm,top,0.0
R10,164.9mm,-13.6mm,top,90.0
L10,171.9mm,-13.6mm,top,0.0
D10,171.3mm,-22.2mm,top,180.0
C10,164.7mm,-22.2mm,top,90.0
R110,168.65mm,-13.55mm,top,90.0
U11,180.7mm,-18.0mm,top,0.0
R11,176.9mm,-13.6mm,top,90.0
L11,183.9mm,-13.6mm,top,0.0
D11,183.3mm,-22.2mm,top,180.0
C11,176.7mm,-22.2mm,top,90.0
R111,180.65mm,-13.55mm,top,90.0
U12,192.7mm,-18.0mm,top,0.0
R12,188.9mm,-13.6mm,top,90.0
L12,195.9mm,-13.6mm,top,0.0
D12,195.3mm,-22.2mm,top,180.0
C12,188.7mm,-22.2mm,top,90.0
R112,192.65mm,-13.55mm,top,90.0
U13,60.7mm,-32.0mm,top,0.0
R13,56.9mm,-27.6mm,top,90.0
L13,63.9mm,-27.6mm,top,0.0
D13,63.3mm,-36.2mm,top,180.0
C13,56.7mm,-36.2mm,top,90.0
R113,60.65mm,-27.55mm,top,90.0
U14,72.7mm,-32.0mm,top,0.0
R14,68.9mm,-27.6mm,top,90.0
L14,75.9mm,-27.6mm,top,0.0
D14,75.3mm,-36.2mm,top,180.0
C14,68.7mm,-36.2mm,top,90.0
R114,72.65mm,-27.55mm,top,90.0
U15,84.7mm,-32.0mm,top,0.0
R15,80.9mm,-27.6mm,top,90.0
L15,87.9mm,-27.6mm,top,0.0
D15,87.3mm,-36.2mm,top,180.0
C15,80.7mm,-36.2mm,top,90.0
R115,84.65mm,-27.55mm,top,90.0
U16,96.7mm,-32.0mm,top,0.0
R16,92.9mm,-27.6mm,top,90.0
L16,99.9mm,-27.6mm,top,0.0
D16,99.3mm,-36.2mm,top,180.0
C16,92.7mm,-36.2mm,top,90.0
R116,96.65mm,-27.55mm,top,90.0
U17,108.7mm,-32.0mm,top,0.0
R17,104.9mm,-27.6mm,top,90.0
L17,111.9mm,-27.6mm,top,0.0
D17,111.3mm,-36.2mm,top,180.0
C17,104.7mm,-36.2mm,top,90.0
R117,108.65mm,-27.55mm,top,90.0
U18,120.7mm,-32.0mm,top,0.0
R18,116.9mm,-27.6mm,top,90.0
L18,123.9mm,-27.6mm,top,0.0
D18,123.3mm,-36.2mm,top,180.0
C18,116.7mm,-36.2mm,top,90.0
R118,120.65mm,-27.55mm,top,90.0
U19,132.7mm,-32.0mm,top,0.0
R19,128.9mm,-27.6mm,top,90.0
L19,135.9mm,-27.6mm,top,0.0
D19,135.3mm,-36.2mm,top,180.0
C19,128.7mm,-36.2mm,top,90.0
R119,132.65mm,-27.55mm,top,90.0
U20,144.7mm,-32.0mm,top,0.0
R20,140.9mm,-27.6mm,top,90.0
L20,147.9mm,-27.6mm,top,0.0
D20,147.3mm,-36.2mm,top,180.0
C20,140.7mm,-36.2mm,top,90.0
R120,144.65mm,-27.55mm,top,90.0
U21,156.7mm,-32.0mm,top,0.0
R21,152.9mm,-27.6mm,top,90.0
L21,159.9mm,-27.6mm,top,0.0
D21,159.3mm,-36.2mm,top,180.0
C21,152.7mm,-36.2mm,top,90.0
R121,156.65mm,-27.55mm,top,90.0
U22,168.7mm,-32.0mm,top,0.0
R22,164.9mm,-27.6mm,top,90.0
L22,171.9mm,-27.6mm,top,0.0
D22,171.3mm,-36.2mm,top,180.0
C22,164.7mm,-36.2mm,top,90.0
R122,168.65mm,-27.55mm,top,90.0
U23,180.7mm,-32.0mm,top,0.0
R23,176.9mm,-27.6mm,top,90.0
L23,183.9mm,-27.6mm,top,0.0
D23,183.3mm,-36.2mm,top,180.0
C23,176.7mm,-36.2mm,top,90.0
R123,180.65mm,-27.55mm,top,90.0
U24,192.7mm,-32.0mm,top,0.0
R24,188.9mm,-27.6mm,top,90.0
L24,195.9mm,-27.6mm,top,0.0
D24,195.3mm,-36.2mm,top,180.0
C24,188.7mm,-36.2mm,top,90.0
R124,192.65mm,-27.55mm,top,90.0
U25,60.7mm,-46.0mm,top,0.0
R25,56.9mm,-41.6mm,top,90.0
L25,63.9mm,-41.6mm,top,0.0
D25,63.3mm,-50.2mm,top,180.0
C25,56.7mm,-50.2mm,top,90.0
R125,60.65mm,-41.55mm,top,90.0
U26,72.7mm,-46.0mm,top,0.0
R26,68.9mm,-41.6mm,top,90.0
L26,75.9mm,-41.6mm,top,0.0
D26,75.3mm,-50.2mm,top,180.0
C26,68.7mm,-50.2mm,top,90.0
R126,72.65mm,-41.55mm,top,90.0
U27,84.7mm,-46.0mm,top,0.0
R27,80.9mm,-41.6mm,top,90.0
L27,87.9mm,-41.6mm,top,0.0
D27,87.3mm,-50.2mm,top,180.0
C27,80.7mm,-50.2mm,top,90.0
R127,84.65mm,-41.55mm,top,90.0
U28,96.7mm,-46.0mm,top,0.0
R28,92.9mm,-41.6mm,top,90.0
L28,99.9mm,-41.6mm,top,0.0
D28,99.3mm,-50.2mm,top,180.0
C28,92.7mm,-50.2mm,top,90.0
R128,96.65mm,-41.55mm,top,90.0
U29,108.7mm,-46.0mm,top,0.0
R29,104.9mm,-41.6mm,top,90.0
L29,111.9mm,-41.6mm,top,0.0
D29,111.3mm,-50.2mm,top,180.0
C29,104.7mm,-50.2mm,top,90.0
R129,108.65mm,-41.55mm,top,90.0
U30,120.7mm,-46.0mm,top,0.0
R30,116.9mm,-41.6mm,top,90.0
L30,123.9mm,-41.6mm,top,0.0
D30,123.3mm,-50.2mm,top,180.0
C30,116.7mm,-50.2mm,top,90.0
R130,120.65mm,-41.55mm,top,90.0
U31,132.7mm,-46.0mm,top,0.0
R31,128.9mm,-41.6mm,top,90.0
L31,135.9mm,-41.6mm,top,0.0
D31,135.3mm,-50.2mm,top,180.0
C31,128.7mm,-50.2mm,top,90.0
R131,132.65mm,-41.55mm,top,90.0
U32,144.7mm,-46.0mm,top,0.0
R32,140.9mm,-41.6mm,top,90.0
L32,147.9mm,-41.6mm,top,0.0
D32,147.3mm,-50.2mm,top,180.0
C32,140.7mm,-50.2mm,top,90.0
R132,144.65mm,-41.55mm,top,90.0
U33,156.7mm,-46.0mm,top,0.0
R33,152.9mm,-41.6mm,top,90.0
L33,159.9mm,-41.6mm,top,0.0
D33,159.3mm,-50.2mm,top,180.0
C33,152.7mm,-50.2mm,top,90.0
R133,156.65mm,-41.55mm,top,90.0
U34,168.7mm,-46.0mm,top,0.0
R34,164.9mm,-41.6mm,top,90.0
L34,171.9mm,-41.6mm,top,0.0
D34,171.3mm,-50.2mm,top,180.0
C34,164.7mm,-50.2mm,top,90.0
R134,168.65mm,-41.55mm,top,90.0
U35,180.7mm,-46.0mm,top,0.0
R35,176.9mm,-41.6mm,top,90.0
L35,183.9mm,-41.6mm,top,0.0
D35,183.3mm,-50.2mm,top,180.0
C35,176.7mm,-50.2mm,top,90.0
R135,180.65mm,-41.55mm,top,90.0
U36,192.7mm,-46.0mm,top,0.0
R36,188.9mm,-41.6mm,top,90.0
L36,195.9mm,-41.6mm,top,0.0
D36,195.3mm,-50.2mm,top,180.0
C36,188.7mm,-50.2mm,top,90.0
R136,192.65mm,-41.55mm,top,90.0
U37,60.7mm,-60.0mm,top,0.0
R37,56.9mm,-55.6mm,top,90.0
L37,63.9mm,-55.6mm,top,0.0
D37,63.3mm,-64.2mm,top,180.0
C37,56.7mm,-64.2mm,top,90.0
R137,60.65mm,-55.55mm,top,90.0
U38,72.7mm,-60.0mm,top,0.0
R38,68.9mm,-55.6mm,top,90.0
L38,75.9mm,-55.6mm,top,0.0
D38,75.3mm,-64.2mm,top,180.0
C38,68.7mm,-64.2mm,top,90.0
R138,72.65mm,-55.55mm,top,90.0
U39,84.7mm,-60.0mm,top,0.0
R39,80.9mm,-55.6mm,top,90.0
L39,87.9mm,-55.6mm,top,0.0
D39,87.3mm,-64.2mm,top,180.0
C39,80.7mm,-64.2mm,top,90.0
R139,84.65mm,-55.55mm,top,90.0
U40,96.7mm,-60.0mm,top,0.0
R40,92.9mm,-55.6mm,top,90.0
L40,99.9mm,-55.6mm,top,0.0
D40,99.3mm,-64.2mm,top,180.0
C40,92.7mm,-64.2mm,top,90.0
R140,96.65mm,-55.55mm,top,90.0
U41,108.7mm,-60.0mm,top,0.0
R41,104.9mm,-55.6mm,top,90.0
L41,111.9mm,-55.6mm,top,0.0
D41,111.3mm,-64.2mm,top,180.0
C41,104.7mm,-64.2mm,top,90.0
R141,108.65mm,-55.55mm,top,90.0
U42,120.7mm,-60.0mm,top,0.0
R42,116.9mm,-55.6mm,top,90.0
L42,123.9mm,-55.6mm,top,0.0
D42,123.3mm,-64.2mm,top,180.0
C42,116.7mm,-64.2mm,top,90.0
R142,120.65mm,-55.55mm,top,90.0
U43,132.7mm,-60.0mm,top,0.0
R43,128.9mm,-55.6mm,top,90.0
L43,135.9mm,-55.6mm,top,0.0
D43,135.3mm,-64.2mm,top,180.0
C43,128.7mm,-64.2mm,top,90.0
R143,132.65mm,-55.55mm,top,90.0
U44,144.7mm,-60.0mm,top,0.0
R44,140.9mm,-55.6mm,top,90.0
L44,147.9mm,-55.6mm,top,0.0
D44,147.3mm,-64.2mm,top,180.0
C44,140.7mm,-64.2mm,top,90.0
R144,144.65mm,-55.55mm,top,90.0
U45,156.7mm,-60.0mm,top,0.0
R45,152.9mm,-55.6mm,top,90.0
L45,159.9mm,-55.6mm,top,0.0
D45,159.3mm,-64.2mm,top,180.0
C45,152.7mm,-64.2mm,top,90.0
R145,156.65mm,-55.55mm,top,90.0
U46,168.7mm,-60.0mm,top,0.0
R46,164.9mm,-55.6mm,top,90.0
L46,171.9mm,-55.6mm,top,0.0
D46,171.3mm,-64.2mm,top,180.0
C46,164.7mm,-64.2mm,top,90.0
R146,168.65mm,-55.55mm,top,90.0
U47,180.7mm,-60.0mm,top,0.0
R47,176.9mm,-55.6mm,top,90.0
L47,183.9mm,-55.6mm,top,0.0
D47,183.3mm,-64.2mm,top,180.0
C47,176.7mm,-64.2mm,top,90.0
R147,180.65mm,-55.55mm,top,90.0
U48,192.7mm,-60.0mm,top,0.0
R48,188.9mm,-55.6mm,top,90.0
L48,195.9mm,-55.6mm,top,0.0
D48,195.3mm,-64.2mm,top,180.0
C48,188.7mm,-64.2mm,top,90.0
R148,192.65mm,-55.55mm,top,90.0
U49,60.7mm,-74.0mm,top,0.0
R49,56.9mm,-69.6mm,top,90.0
L49,63.9mm,-69.6mm,top,0.0
D49,63.3mm,-78.2mm,top,180.0
C49,56.7mm,-78.2mm,top,90.0
R149,60.65mm,-69.55mm,top,90.0
U50,72.7mm,-74.0mm,top,0.0
R50,68.9mm,-69.6mm,top,90.0
L50,75.9mm,-69.6mm,top,0.0
D50,75.3mm,-78.2mm,top,180.0
C50,68.7mm,-78.2mm,top,90.0
R150,72.65mm,-69.55mm,top,90.0
U51,84.7mm,-74.0mm,top,0.0
R51,80.9mm,-69.6mm,top,90.0
L51,87.9mm,-69.6mm,top,0.0
D51,87.3mm,-78.2mm,top,180.0
C51,80.7mm,-78.2mm,top,90.0
R151,84.65mm,-69.55mm,top,90.0
U52,96.7mm,-74.0mm,top,0.0
R52,92.9mm,-69.6mm,top,90.0
L52,99.9mm,-69.6mm,top,0.0
D52,99.3mm,-78.2mm,top,180.0
C52,92.7mm,-78.2mm,top,90.0
R152,96.65mm,-69.55mm,top,90.0
U53,108.7mm,-74.0mm,top,0.0
R53,104.9mm,-69.6mm,top,90.0
L53,111.9mm,-69.6mm,top,0.0
D53,111.3mm,-78.2mm,top,180.0
C53,104.7mm,-78.2mm,top,90.0
R153,108.65mm,-69.55mm,top,90.0
U54,120.7mm,-74.0mm,top,0.0
R54,116.9mm,-69.6mm,top,90.0
L54,123.9mm,-69.6mm,top,0.0
D54,123.3mm,-78.2mm,top,180.0
C54,116.7mm,-78.2mm,top,90.0
R154,120.65mm,-69.55mm,top,90.0
U55,132.7mm,-74.0mm,top,0.0
R55,128.9mm,-69.6mm,top,90.0
L55,135.9mm,-69.6mm,top,0.0
D55,135.3mm,-78.2mm,top,180.0
C55,128.7mm,-78.2mm,top,90.0
R155,132.65mm,-69.55mm,top,90.0
U56,144.7mm,-74.0mm,top,0.0
R56,140.9mm,-69.6mm,top,90.0
L56,147.9mm,-69.6mm,top,0.0
D56,147.3mm,-78.2mm,top,180.0
C56,140.7mm,-78.2mm,top,90.0
R156,144.65mm,-69.55mm,top,90.0
U57,156.7mm,-74.0mm,top,0.0
R57,152.9mm,-69.6mm,top,90.0
L57,159.9mm,-69.6mm,top,0.0
D57,159.3mm,-78.2mm,top,180.0
C57,152.7mm,-78.2mm,top,90.0
R157,156.65mm,-69.55mm,top,90.0
U58,168.7mm,-74.0mm,top,0.0
R58,164.9mm,-69.6mm,top,90.0
L58,171.9mm,-69.6mm,top,0.0
D58,171.3mm,-78.2mm,top,180.0
C58,164.7mm,-78.2mm,top,90.0
R158,168.65mm,-69.55mm,top,90.0
U59,180.7mm,-74.0mm,top,0.0
R59,176.9mm,-69.6mm,top,90.0
L59,183.9mm,-69.6mm,top,0.0
D59,183.3mm,-78.2mm,top,180.0
C59,176.7mm,-78.2mm,top,90.0
R159,180.65mm,-69.55mm,top,90.0
U60,192.7mm,-74.0mm,top,0.0
R60,188.9mm,-69.6mm,top,90.0
L60,195.9mm,-69.6mm,top,0.0
D60,195.3mm,-78.2mm,top,180.0
C60,188.7mm,-78.2mm,top,90.0
R160,192.65mm,-69.55mm,top,90.0
U61,60.7mm,-88.0mm,top,0.0
R61,56.9mm,-83.6mm,top,90.0
L61,63.9mm,-83.6mm,top,0.0
D61,63.3mm,-92.2mm,top,180.0
C61,56.7mm,-92.2mm,top,90.0
R161,60.65mm,-83.55mm,top,90.0
U62,72.7mm,-88.0mm,top,0.0
R62,68.9mm,-83.6mm,top,90.0
L62,75.9mm,-83.6mm,top,0.0
D62,75.3mm,-92.2mm,top,180.0
C62,68.7mm,-92.2mm,top,90.0
R162,72.65mm,-83.55mm,top,90.0
U63,84.7mm,-88.0mm,top,0.0
R63,80.9mm,-83.6mm,top,90.0
L63,87.9mm,-83.6mm,top,0.0
D63,87.3mm,-92.2mm,top,180.0
C63,80.7mm,-92.2mm,top,90.0
R163,84.65mm,-83.55mm,top,90.0
U64,96.7mm,-88.0mm,top,0.0
R64,92.9mm,-83.6mm,top,90.0
L64,99.9mm,-83.6mm,top,0.0
D64,99.3mm,-92.2mm,top,180.0
C64,92.7mm,-92.2mm,top,90.0
R164,96.65mm,-83.55mm,top,90.0
U65,108.7mm,-88.0mm,top,0.0
R65,104.9mm,-83.6mm,top,90.0
L65,111.9mm,-83.6mm,top,0.0
D65,111.3mm,-92.2mm,top,180.0
C65,104.7mm,-92.2mm,top,90.0
R165,108.65mm,-83.55mm,top,90.0
U66,120.7mm,-88.0mm,top,0.0
R66,116.9mm,-83.6mm,top,90.0
L66,123.9mm,-83.6mm,top,0.0
D66,123.3mm,-92.2mm,top,180.0
C66,116.7mm,-92.2mm,top,90.0
R166,120.65mm,-83.55mm,top,90.0
U67,132.7mm,-88.0mm,top,0.0
R67,128.9mm,-83.6mm,top,90.0
L67,135.9mm,-83.6mm,top,0.0
D67,135.3mm,-92.2mm,top,180.0
C67,128.7mm,-92.2mm,top,90.0
R167,132.65mm,-83.55mm,top,90.0
U68,144.7mm,-88.0mm,top,0.0
R68,140.9mm,-83.6mm,top,90.0
L68,147.9mm,-83.6mm,top,0.0
D68,147.3mm,-92.2mm,top,180.0
C68,140.7mm,-92.2mm,top,90.0
R168,144.65mm,-83.55mm,top,90.0
U69,156.7mm,-88.0mm,top,0.0
R69,152.9mm,-83.6mm,top,90.0
L69,159.9mm,-83.6mm,top,0.0
D69,159.3mm,-92.2mm,top,180.0
C69,152.7mm,-92.2mm,top,90.0
R169,156.65mm,-83.55mm,top,90.0
U70,168.7mm,-88.0mm,top,0.0
R70,164.9mm,-83.6mm,top,90.0
L70,171.9mm,-83.6mm,top,0.0
D70,171.3mm,-92.2mm,top,180.0
C70,164.7mm,-92.2mm,top,90.0
R170,168.65mm,-83.55mm,top,90.0
U71,180.7mm,-88.0mm,top,0.0
R71,176.9mm,-83.6mm,top,90.0
L71,183.9mm,-83.6mm,top,0.0
D71,183.3mm,-92.2mm,top,180.0
C71,176.7mm,-92.2mm,top,90.0
R171,180.65mm,-83.55mm,top,90.0
U72,192.7mm,-88.0mm,top,0.0
R72,188.9mm,-83.6mm,top,90.0
L72,195.9mm,-83.6mm,top,0.0
D72,195.3mm,-92.2mm,top,180.0
C72,188.7mm,-92.2mm,top,90.0
R172,192.65mm,-83.55mm,top,90.0
U73,60.7mm,-102.0mm,top,0.0
R73,56.9mm,-97.6mm,top,90.0
L73,63.9mm,-97.6mm,top,0.0
D73,63.3mm,-106.2mm,top,180.0
C73,56.7mm,-106.2mm,top,90.0
R173,60.65mm,-97.55mm,top,90.0
U74,72.7mm,-102.0mm,top,0.0
R74,68.9mm,-97.6mm,top,90.0
L74,75.9mm,-97.6mm,top,0.0
D74,75.3mm,-106.2mm,top,180.0
C74,68.7mm,-106.2mm,top,90.0
R174,72.65mm,-97.55mm,top,90.0
U75,84.7mm,-102.0mm,top,0.0
R75,80.9mm,-97.6mm,top,90.0
L75,87.9mm,-97.6mm,top,0.0
D75,87.3mm,-106.2mm,top,180.0
C75,80.7mm,-106.2mm,top,90.0
R175,84.65mm,-97.55mm,top,90.0
U76,96.7mm,-102.0mm,top,0.0
R76,92.9mm,-97.6mm,top,90.0
L76,99.9mm,-97.6mm,top,0.0
D76,99.3mm,-106.2mm,top,180.0
C76,92.7mm,-106.2mm,top,90.0
R176,96.65mm,-97.55mm,top,90.0
U77,108.7mm,-102.0mm,top,0.0
R77,104.9mm,-97.6mm,top,90.0
L77,111.9mm,-97.6mm,top,0.0
D77,111.3mm,-106.2mm,top,180.0
C77,104.7mm,-106.2mm,top,90.0
R177,108.65mm,-97.55mm,top,90.0
U78,120.7mm,-102.0mm,top,0.0
R78,116.9mm,-97.6mm,top,90.0
L78,123.9mm,-97.6mm,top,0.0
D78,123.3mm,-106.2mm,top,180.0
C78,116.7mm,-106.2mm,top,90.0
R178,120.65mm,-97.55mm,top,90.0
U79,132.7mm,-102.0mm,top,0.0
R79,128.9mm,-97.6mm,top,90.0
L79,135.9mm,-97.6mm,top,0.0
D79,135.3mm,-106.2mm,top,180.0
C79,128.7mm,-106.2mm,top,90.0
R179,132.65mm,-97.55mm,top,90.0
U80,144.7mm,-102.0mm,top,0.0
R80,140.9mm,-97.6mm,top,90.0
L80,147.9mm,-97.6mm,top,0.0
D80,147.3mm,-106.2mm,top,180.0
C80,140.7mm,-106.2mm,top,90.0
R180,144.65mm,-97.55mm,top,90.0
U81,156.7mm,-102.0mm,top,0.0
R81,152.9mm,-97.6mm,top,90.0
L81,159.9mm,-97.6mm,top,0.0
D81,159.3mm,-106.2mm,top,180.0
C81,152.7mm,-106.2mm,top,90.0
R181,156.65mm,-97.55mm,top,90.0
U82,168.7mm,-102.0mm,top,0.0
R82,164.9mm,-97.6mm,top,90.0
L82,171.9mm,-97.6mm,top,0.0
D82,171.3mm,-106.2mm,top,180.0
C82,164.7mm,-106.2mm,top,90.0
R182,168.65mm,-97.55mm,top,90.0
U83,180.7mm,-102.0mm,top,0.0
R83,176.9mm,-97.6mm,top,90.0
L83,183.9mm,-97.6mm,top,0.0
D83,183.3mm,-106.2mm,top,180.0
C83,176.7mm,-106.2mm,top,90.0
R183,180.65mm,-97.55mm,top,90.0
U84,192.7mm,-102.0mm,top,0.0
R84,188.9mm,-97.6mm,top,90.0
L84,195.9mm,-97.6mm,top,0.0
D84,195.3mm,-106.2mm,top,180.0
C84,188.7mm,-106.2mm,top,90.0
R184,192.65mm,-97.55mm,top,90.0
U85,60.7mm,-116.0mm,top,0.0
R85,56.9mm,-111.6mm,top,90.0
L85,63.9mm,-111.6mm,top,0.0
D85,63.3mm,-120.2mm,top,180.0
C85,56.7mm,-120.2mm,top,90.0
R185,60.65mm,-111.55mm,top,90.0
U86,72.7mm,-116.0mm,top,0.0
R86,68.9mm,-111.6mm,top,90.0
L86,75.9mm,-111.6mm,top,0.0
D86,75.3mm,-120.2mm,top,180.0
C86,68.7mm,-120.2mm,top,90.0
R186,72.65mm,-111.55mm,top,90.0
U87,84.7mm,-116.0mm,top,0.0
R87,80.9mm,-111.6mm,top,90.0
L87,87.9mm,-111.6mm,top,0.0
D87,87.3mm,-120.2mm,top,180.0
C87,80.7mm,-120.2mm,top,90.0
R187,84.65mm,-111.55mm,top,90.0
U88,96.7mm,-116.0mm,top,0.0
R88,92.9mm,-111.6mm,top,90.0
L88,99.9mm,-111.6mm,top,0.0
D88,99.3mm,-120.2mm,top,180.0
C88,92.7mm,-120.2mm,top,90.0
R188,96.65mm,-111.55mm,top,90.0
U89,108.7mm,-116.0mm,top,0.0
R89,104.9mm,-111.6mm,top,90.0
L89,111.9mm,-111.6mm,top,0.0
D89,111.3mm,-120.2mm,top,180.0
C89,104.7mm,-120.2mm,top,90.0
R189,108.65mm,-111.55mm,top,90.0
U90,120.7mm,-116.0mm,top,0.0
R90,116.9mm,-111.6mm,top,90.0
L90,123.9mm,-111.6mm,top,0.0
D90,123.3mm,-120.2mm,top,180.0
C90,116.7mm,-120.2mm,top,90.0
R190,120.65mm,-111.55mm,top,90.0
U91,132.7mm,-116.0mm,top,0.0
R91,128.9mm,-111.6mm,top,90.0
L91,135.9mm,-111.6mm,top,0.0
D91,135.3mm,-120.2mm,top,180.0
C91,128.7mm,-120.2mm,top,90.0
R191,132.65mm,-111.55mm,top,90.0
U92,144.7mm,-116.0mm,top,0.0
R92,140.9mm,-111.6mm,top,90.0
L92,147.9mm,-111.6mm,top,0.0
D92,147.3mm,-120.2mm,top,180.0
C92,140.7mm,-120.2mm,top,90.0
R192,144.65mm,-111.55mm,top,90.0
U93,156.7mm,-116.0mm,top,0.0
R93,152.9mm,-111.6mm,top,90.0
L93,159.9mm,-111.6mm,top,0.0
D93,159.3mm,-120.2mm,top,180.0
C93,152.7mm,-120.2mm,top,90.0
R193,156.65mm,-111.55mm,top,90.0
U94,168.7mm,-116.0mm,top,0.0
R94,164.9mm,-111.6mm,top,90.0
L94,171.9mm,-111.6mm,top,0.0
D94,171.3mm,-120.2mm,top,180.0
C94,164.7mm,-120.2mm,top,90.0
R194,168.65mm,-111.55mm,top,90.0
U95,180.7mm,-116.0mm,top,0.0
R95,176.9mm,-111.6mm,top,90.0
L95,183.9mm,-111.6mm,top,0.0
D95,183.3mm,-120.2mm,top,180.0
C95,176.7mm,-120.2mm,top,90.0
R195,180.65mm,-111.55mm,top,90.0
U96,192.7mm,-116.0mm,top,0.0
R96,188.9mm,-111.6mm,top,90.0
L96,195.9mm,-111.6mm,top,0.0
D96,195.3mm,-120.2mm,top,180.0
C96,188.7mm,-120.2mm,top,90.0
R196,192.65mm,-111.55mm,top,90.0
U101,46.8375mm,-17.625mm,top,0.0
C121,75.3mm,-127.0mm,top,90.0
U102,88.7mm,-130.0mm,top,0.0
C122,95.3mm,-127.0mm,top,90.0
U103,108.7mm,-130.0mm,top,0.0
C123,115.3mm,-127.0mm,top,90.0
U104,128.7mm,-130.0mm,top,0.0
C124,135.3mm,-127.0mm,top,90.0
U105,148.7mm,-130.0mm,top,0.0
C125,155.3mm,-127.0mm,top,90.0
U106,46.6625mm,-112.725mm,top,0.0
C126,175.3mm,-127.0mm,top,90.0
U110,74.7mm,-150.0mm,top,0.0
C110,60.7mm,-150.0mm,top,0.0
L101,88.4mm,-141.6mm,top,0.0
D101,104.8mm,-153.8mm,top,90.0
C111,96.7mm,-150.0mm,top,0.0
C101,60.7mm,-161.0mm,top,0.0
C102,71.7mm,-161.0mm,top,0.0
C103,82.7mm,-161.0mm,top,0.0
C104,93.7mm,-161.0mm,top,0.0
Q1,198.7mm,-150.0mm,top,0.0
R201,193.7mm,-146.0mm,top,90.0
R202,203.7mm,-146.0mm,top,90.0
D102,198.7mm,-155.0mm,top,0.0
R210,188.7mm,-123.0mm,top,0.0
R211,188.7mm,-126.0mm,top,0.0
SW1,158.7mm,-150.0mm,top,0.0
SW2,170.7mm,-150.0mm,top,0.0
SW3,185.75mm,-153.15mm,top,0.0
LED1,139.65mm,-140.0mm,top,0.0
R203,158.35mm,-133.725mm,top,90.0
LED2,138.25mm,-134.1mm,top,0.0
R204,167.95mm,-133.25mm,top,90.0
LED3,146.3875mm,-145.3mm,top,0.0
R205,180.75mm,-134.85mm,top,90.0
